{
"_id":"606f328ae2ca385d201399ee",
"project_id":"1450",
"name":"User",
"description":"User Schema for use with the Emerald Store Front",
"tags":[ "" ],
"created_by":"stuart.walker@hcl.com",
"creation_date":"2021-04-08T16:42:50.082+0000",
"updated_by":"stuart.walker@hcl.com",
"update_date":"2021-04-08T16:46:16.689+0000",
"version":2,
"model_version":1,
"type":"tree",
"dictionary":{
"name":"Root",
"class":"category",
"id":0,
"subtypes":[ {
"name":"User",
"class":"group_sequence",
"id":1,
"id_path":[ 0, 1 ],
"order_subtypes":"ascending"
}, {
"name":"email",
"class":"item",
"item_subclass":"text",
"id":4,
"id_path":[ 0, 4 ],
"order_subtypes":"ascending"
}, {
"name":"phone",
"class":"item",
"item_subclass":"text",
"id":5,
"id_path":[ 0, 5 ],
"order_subtypes":"ascending"
}, {
"name":"lastname",
"class":"item",
"item_subclass":"text",
"id":7,
"id_path":[ 0, 7 ],
"order_subtypes":"ascending"
}, {
"name":"firstname",
"class":"item",
"item_subclass":"text",
"id":8,
"id_path":[ 0, 8 ],
"order_subtypes":"ascending"
} ],
"has_children":true,
"id_path":[ 0 ],
"order_subtypes":"ascending"
},
"properties":[ {
"class":"category",
"syntax":{
"initiator":{
"delimiter_type":"none",
"language":{
"national_language":0,
"data_language":0
},
"find":false,
"ignore_case":false
},
"terminator":{
"delimiter_type":"none",
"language":{
"national_language":0,
"data_language":0
},
"find":false,
"ignore_case":false
},
"release":{
"delimiter_type":"none",
"language":{
"national_language":0,
"data_language":0
},
"find":false,
"ignore_case":false
},
"empty":{
"delimiter_type":"none",
"language":{
"national_language":0,
"data_language":0
},
"find":false,
"ignore_case":false
},
"empty_flags":"always"
},
"order_subtypes":"ascending",
"id":0
}, {
"class":"group",
"syntax":{
"initiator":{
"delimiter_type":"none",
"language":{
"national_language":0,
"data_language":0
},
"find":false,
"ignore_case":false
},
"terminator":{
"delimiter_type":"none",
"language":{
"national_language":0,
"data_language":0
},
"find":false,
"ignore_case":false
},
"release":{
"delimiter_type":"none",
"language":{
"national_language":0,
"data_language":0
},
"find":false,
"ignore_case":false
},
"empty":{
"delimiter_type":"none",
"language":{
"national_language":0,
"data_language":0
},
"find":false,
"ignore_case":false
},
"empty_flags":"always"
},
"order_subtypes":"ascending",
"id":1
}, {
"class":"item",
"syntax":{
"initiator":{
"delimiter_type":"none",
"language":{
"national_language":0,
"data_language":0
},
"find":false,
"ignore_case":false
},
"terminator":{
"delimiter_type":"none",
"language":{
"national_language":0,
"data_language":0
},
"find":false,
"ignore_case":false
},
"release":{
"delimiter_type":"none",
"language":{
"national_language":0,
"data_language":0
},
"find":false,
"ignore_case":false
},
"empty":{
"delimiter_type":"none",
"language":{
"national_language":0,
"data_language":0
},
"find":false,
"ignore_case":false
},
"empty_flags":"always"
},
"order_subtypes":"ascending",
"id":4,
"item_props":{
"text_props":{ }
}
}, {
"class":"item",
"syntax":{
"initiator":{
"delimiter_type":"none",
"language":{
"national_language":0,
"data_language":0
},
"find":false,
"ignore_case":false
},
"terminator":{
"delimiter_type":"none",
"language":{
"national_language":0,
"data_language":0
},
"find":false,
"ignore_case":false
},
"release":{
"delimiter_type":"none",
"language":{
"national_language":0,
"data_language":0
},
"find":false,
"ignore_case":false
},
"empty":{
"delimiter_type":"none",
"language":{
"national_language":0,
"data_language":0
},
"find":false,
"ignore_case":false
},
"empty_flags":"always"
},
"order_subtypes":"ascending",
"id":5,
"item_props":{
"text_props":{
"regular_expression":"+1 [0-9]{1}\\([0-9]{3}\\) [0-9]{6}"
}
}
}, {
"class":"item",
"syntax":{
"initiator":{
"delimiter_type":"none",
"language":{
"national_language":0,
"data_language":0
},
"find":false,
"ignore_case":false
},
"terminator":{
"delimiter_type":"none",
"language":{
"national_language":0,
"data_language":0
},
"find":false,
"ignore_case":false
},
"release":{
"delimiter_type":"none",
"language":{
"national_language":0,
"data_language":0
},
"find":false,
"ignore_case":false
},
"empty":{
"delimiter_type":"none",
"language":{
"national_language":0,
"data_language":0
},
"find":false,
"ignore_case":false
},
"empty_flags":"always"
},
"order_subtypes":"ascending",
"id":7,
"item_props":{
"restriction_props":{
"values_from_file":true,
"values_file":"USNames.csv",
"values_col_num":3,
"has_headers":true
},
"text_props":{
"size":{
"min_chars":4,
"max_chars":10
}
}
}
}, {
"class":"item",
"syntax":{
"initiator":{
"delimiter_type":"none",
"language":{
"national_language":0,
"data_language":0
},
"find":false,
"ignore_case":false
},
"terminator":{
"delimiter_type":"none",
"language":{
"national_language":0,
"data_language":0
},
"find":false,
"ignore_case":false
},
"release":{
"delimiter_type":"none",
"language":{
"national_language":0,
"data_language":0
},
"find":false,
"ignore_case":false
},
"empty":{
"delimiter_type":"none",
"language":{
"national_language":0,
"data_language":0
},
"find":false,
"ignore_case":false
},
"empty_flags":"always"
},
"order_subtypes":"ascending",
"id":8,
"item_props":{
"restriction_props":{
"values_from_file":true,
"values_file":"USNames.csv",
"values_col_num":1,
"has_headers":true
},
"text_props":{
"size":{
"min_chars":4,
"max_chars":10
}
}
}
} ],
"structures":[ {
"components":[ {
"max_range":1,
"min_range":1,
"type_path":"8",
"type_id":8,
"is_ident":false,
"is_restart":false,
"is_sized":false,
"is_include_self":false,
"relative_path":"firstname",
"type_class":"item",
"item_subclass":"text"
}, {
"max_range":1,
"min_range":1,
"type_path":"7",
"type_id":7,
"is_ident":false,
"is_restart":false,
"is_sized":false,
"is_include_self":false,
"relative_path":"lastname",
"type_class":"item",
"item_subclass":"text"
}, {
"max_range":1,
"min_range":1,
"type_path":"4",
"type_id":4,
"is_ident":false,
"is_restart":false,
"is_sized":false,
"is_include_self":false,
"relative_path":"email",
"type_class":"item",
"item_subclass":"text",
"output_rule":"=(firstname:Out1)+\".\"+ (lastname:Out1)+\"@hcl.com\""
}, {
"max_range":1,
"min_range":1,
"type_path":"5",
"type_id":5,
"is_ident":false,
"is_restart":false,
"is_sized":false,
"is_include_self":false,
"relative_path":"phone",
"type_class":"item",
"item_subclass":"text"
} ],
"id":1,
"type_name":"User",
"type_class":"group_sequence"
} ],
"current_id":9,
"candidate_roots":[ 1 ],
"current_types":6
}